id;nombre;descripcion;foto;foto_content_type;url
1;virtual Moldovan Leu monitor;Progressive override synthesize;../fake-data/blob/hipster.png;image/png;https://shanelle.net
2;PCI;Corner Fresh;../fake-data/blob/hipster.png;image/png;http://glennie.net
3;enterprise Bedfordshire Avon;invoice;../fake-data/blob/hipster.png;image/png;http://dean.name
4;Tonga;multi-byte;../fake-data/blob/hipster.png;image/png;http://kelsie.com
5;platforms analyzer;withdrawal neural-net calculating;../fake-data/blob/hipster.png;image/png;http://germaine.biz
6;toolset;Bulgaria Plastic;../fake-data/blob/hipster.png;image/png;https://dell.org
7;Unbranded Concrete Pants;morph Interactions;../fake-data/blob/hipster.png;image/png;https://orie.biz
8;grey matrix;payment;../fake-data/blob/hipster.png;image/png;http://marcellus.name
9;Mobility;Product;../fake-data/blob/hipster.png;image/png;http://mariano.info
10;navigate haptic Handcrafted;Future Palladium Electronics;../fake-data/blob/hipster.png;image/png;https://annamae.com
